{"media":{"disableImageZooming":false},"correct":"true","behaviour":{"enableRetry":true,"enableSolutionsButton":true,"enableCheckButton":true,"confirmCheckDialog":false,"confirmRetryDialog":false,"autoCheck":false},"l10n":{"trueText":"Verdadero","falseText":"Falso","score":"Tienes @score de @total puntos","checkAnswer":"Comprobar","submitAnswer":"Submit","showSolutionButton":"Mostrar solución","tryAgain":"Reintentar","wrongAnswerMessage":"Respuesta incorrecta","correctAnswerMessage":"Respuesta correcta","scoreBarLabel":"Obtuvo :num de un total de :total puntos","a11yCheck":"Comprobar las respuestas. Las respuestas serán marcadas como correcta, incorrecta o sin contestar.","a11yShowSolution":"Mostrar la solución. El trabajo será calificado con su solución correcta.","a11yRetry":"Reintentar el trabajo. Reiniciar todas las respuestas e iniciar el trabajo de nuevo."},"confirmCheck":{"header":"¿Terminar?","body":"¿Seguro de que desea terminar?","cancelLabel":"Cancelar","confirmLabel":"Terminar"},"confirmRetry":{"header":"¿Reintentar?","body":"¿Estás seguro de que deseas volver a intentarlo?","cancelLabel":"Cancelar","confirmLabel":"Confirmar"},"question":"<p>La realidad aumentada es el mecanismo por el cual obtenemos mas informacion de la realidad a traves de un disposivito digital como el celular o las gafas de RV</p>\n"}