{"embedTypes":["iframe"],"language":"en","defaultLanguage":"es","license":"U","extraTitle":"Ejemplo de Realidad Aumentada","title":"Ejemplo de Realidad Aumentada","mainLibrary":"H5P.TrueFalse","preloadedDependencies":[{"machineName":"FontAwesome","majorVersion":4,"minorVersion":5},{"machineName":"H5P.Question","majorVersion":1,"minorVersion":5},{"machineName":"H5P.JoubelUI","majorVersion":1,"minorVersion":3},{"machineName":"H5P.Transition","majorVersion":1,"minorVersion":0},{"machineName":"Drop","majorVersion":1,"minorVersion":0},{"machineName":"Tether","majorVersion":1,"minorVersion":0},{"machineName":"H5P.FontIcons","majorVersion":1,"minorVersion":0},{"machineName":"H5P.TrueFalse","majorVersion":1,"minorVersion":8}]}